id,name,name_local,name_en,lat,lng,category,category_gmaps,rating,review_count,address,hours_status,hours_detail,description,review_snippet
1,27Xiu Mei,No.17 White House,No.17 White House,24.9650788,121.1908682,food_and_dining,Restaurant,4.5,45,"No. 21號, Lane 216, Zhongyang Rd, Wuquan Village, Zhongli District, Taoyuan City, Taiwan 320",Open · Closes 1.30 pm · Reopens 5.00 pm,, Dine-in  Takeaway  Delivery,"I ordered spicy creamy chicken. The taste is weird, can’t tell what it tastes like.. …"
2,581Sheng Huo Guan -Zhong Da Dian,581生活館-中大店,581Sheng Huo Guan -Zhong Da Dian,24.9655022,121.1942377,shop,Store,4.4,44,"320, Taiwan, Taoyuan City, Zhongli District, Wuquan Village, Zhongda Rd, 300號女14舍B1商場",Open · Closes 8.00 pm,, In-store shopping,"Located under the G14 girls dormitory, this shop provides various daily necessities such as soap, shampoo, stationery, cleaning tools, bowls, clothes and so on. The prices offered are sometimes slight"
3,7-Eleven,7-ELEVEN 學央門市,7-ELEVEN Xue Yang Men Shi,24.9655537,121.1910118,shop,Convenience store,3.9,39,"No. 187號, Zhongyang Rd, 平鎮區 Pingzhen District, Taoyuan City, Taiwan 324",Open 24 hours,,"Pit stop for snacks, drinks & daily essentials  In-store shopping  In-store pick-up  Delivery",Located in National Central University Backdoor and located in the corner. Has a lot of sitting area and sell decent choice of food. You can also get daily needs in here. There is CTBC Bank ATM inside
4,7-Eleven,7-ELEVEN 學屋門市,7-ELEVEN Xue Wu Men Shi,24.9604954,121.1901221,shop,Convenience store,3.5,35,"No. 402號, Section 3, Minzu Rd, Wuquan Village, Zhongli District, Taoyuan City, Taiwan 320",Open 24 hours,,"Pit stop for snacks, drinks & daily essentials  In-store shopping  In-store pick-up  Delivery","The 7-ELEVEN school store gives a comfortable and friendly impression, making it a convenient stop frequently visited by nearby residents and students. In terms of product variety, the store offers th"
5,7-Eleven,7-ELEVEN NCU門市,7-ELEVEN NCUMen Shi,24.9707538,121.1952384,shop,Convenience store,3.7,37,"320, Taiwan, Taoyuan City, Zhongli District, Zhongda Rd, 300號中大會館旁",Open · Closes 1.00 am,,"Pit stop for snacks, drinks & daily essentials","Located next to the CUHK Men's Dormitory, this 7-ELEVEN NCU store enjoys a convenient location, just a few minutes' walk from the dormitories or academic areas, making it a frequent stop for students "
6,7Can (Song Guo Can Ting ),,7Can (Song Guo Can Ting ),24.9656094,121.1954196,food_and_dining,,,,,,,,
7,A Mi Ling Shi Tang,廚窗 Kitchen Bliss,Chu Chuang Kitchen Bliss,24.9644794,121.1908458,food_and_dining,Restaurant,4.3,43,"No. 157號, Zhongyang Rd, Shuanglian Village, Pingzhen District, Taoyuan City, Taiwan 324",Open · Closes 1.30 pm · Reopens 5.00 pm,, Dine-in  Takeaway  Delivery,"Very cosy restaurant serving taste dishes, especially teriyaki chicken.
Staff speaks English and English menu is available."
8,Ale,來客,Lai Ke,24.9646459,121.19332,food_and_dining,Bistro,4.6,46,"No. 28-2號, Lane 331, Wuxing Rd, Wuquan Village, Zhongli District, Taoyuan City, Taiwan 320",Open · Closes 2.00 pm · Reopens 5.00 pm,, Dine-in  Takeaway,"You can refill your food except for the meat. This is amazing. Plus, the food tastes OK. Warmly recommend."
9,Atm,第一銀行 ATM,Di Yi Yin Xing ATM,24.9685434,121.1955363,banking,ATM,,,"No. 300號, Zhongda Rd, Zhongli District, Taoyuan City, Taiwan 320",Open 24 hours,,,
10,Ba Ge Zhong Qing Suan La Fen,Zhongqin Bage Hot & Sour Rice Noodles,Zhongqin Bage Hot & Sour Rice Noodles,24.9637904,121.1907507,food_and_dining,Chinese restaurant,5.0,50,"205 Jinji Rd, Nankang, Ganzhou, Jiangxi, China, 341400",,,,
11,Ba Wang,來客,Lai Ke,24.9649095,121.1936327,food_and_dining,Bistro,4.6,46,"No. 28-2號, Lane 331, Wuxing Rd, Wuquan Village, Zhongli District, Taoyuan City, Taiwan 320",Open · Closes 2.00 pm · Reopens 5.00 pm,, Dine-in  Takeaway,"You can refill your food except for the meat. This is amazing. Plus, the food tastes OK. Warmly recommend."
12,Bai Hu Zi Niu Pai Guan,廚窗 Kitchen Bliss,Chu Chuang Kitchen Bliss,24.9641071,121.1905676,food_and_dining,Restaurant,4.3,43,"No. 157號, Zhongyang Rd, Shuanglian Village, Pingzhen District, Taoyuan City, Taiwan 324",Open · Closes 1.30 pm · Reopens 5.00 pm,, Dine-in  Takeaway  Delivery,"Very cosy restaurant serving taste dishes, especially teriyaki chicken.
Staff speaks English and English menu is available."
13,Bang Qiu Chang,,Bang Qiu Chang,24.9692242,121.1918116,leisure,,,,,,,,
14,Bao Zi Man Tou,來客,Lai Ke,24.9654201,121.1935363,food_and_dining,Bistro,4.6,46,"No. 28-2號, Lane 331, Wuxing Rd, Wuquan Village, Zhongli District, Taoyuan City, Taiwan 320",Open · Closes 2.00 pm · Reopens 5.00 pm,, Dine-in  Takeaway,"You can refill your food except for the meat. This is amazing. Plus, the food tastes OK. Warmly recommend."
15,Bicycle Parking,Twin Guest Room-Amenity-Pool level view-Fully Furnished-Free Netflix-Wifi-Mall of Asia Complex-Shore,Twin Guest Room-Amenity-Pool level view-Fully Furnished-Free Netflix-Wifi-Mall of Asia Complex-Shore,24.9693439,121.1908438,amenity,,,,"Pasay City, Metro Manila, Philippines",,,,
16,Bicycle Parking,Twin Guest Room-Amenity-Pool level view-Fully Furnished-Free Netflix-Wifi-Mall of Asia Complex-Shore,Twin Guest Room-Amenity-Pool level view-Fully Furnished-Free Netflix-Wifi-Mall of Asia Complex-Shore,24.9705357,121.1949505,amenity,,,,"Pasay City, Metro Manila, Philippines",,,,
17,Bicycle Parking,Twin Guest Room-Amenity-Pool level view-Fully Furnished-Free Netflix-Wifi-Mall of Asia Complex-Shore,Twin Guest Room-Amenity-Pool level view-Fully Furnished-Free Netflix-Wifi-Mall of Asia Complex-Shore,24.9704765,121.1934561,amenity,,,,"Pasay City, Metro Manila, Philippines",,,,
18,Bicycle Parking,Twin Guest Room-Amenity-Pool level view-Fully Furnished-Free Netflix-Wifi-Mall of Asia Complex-Shore,Twin Guest Room-Amenity-Pool level view-Fully Furnished-Free Netflix-Wifi-Mall of Asia Complex-Shore,24.9659931,121.1937696,amenity,,,,"Pasay City, Metro Manila, Philippines",,,,
19,Bicycle Parking,Twin Guest Room-Amenity-Pool level view-Fully Furnished-Free Netflix-Wifi-Mall of Asia Complex-Shore,Twin Guest Room-Amenity-Pool level view-Fully Furnished-Free Netflix-Wifi-Mall of Asia Complex-Shore,24.9676077,121.1892005,amenity,,,,"Pasay City, Metro Manila, Philippines",,,,
20,Bicycle Parking,Twin Guest Room-Amenity-Pool level view-Fully Furnished-Free Netflix-Wifi-Mall of Asia Complex-Shore,Twin Guest Room-Amenity-Pool level view-Fully Furnished-Free Netflix-Wifi-Mall of Asia Complex-Shore,24.9663308,121.1909433,amenity,,,,"Pasay City, Metro Manila, Philippines",,,,
21,Bicycle Parking,Twin Guest Room-Amenity-Pool level view-Fully Furnished-Free Netflix-Wifi-Mall of Asia Complex-Shore,Twin Guest Room-Amenity-Pool level view-Fully Furnished-Free Netflix-Wifi-Mall of Asia Complex-Shore,24.9658075,121.1933471,amenity,,,,"Pasay City, Metro Manila, Philippines",,,,
22,Bicycle Parking,Twin Guest Room-Amenity-Pool level view-Fully Furnished-Free Netflix-Wifi-Mall of Asia Complex-Shore,Twin Guest Room-Amenity-Pool level view-Fully Furnished-Free Netflix-Wifi-Mall of Asia Complex-Shore,24.9683961,121.1946638,amenity,,,,"Pasay City, Metro Manila, Philippines",,,,
23,Bo Hai Tang (Wu Cuo ),,Bo Hai Tang (Wu Cuo ),24.9735829,121.1990655,building,,,,,,,,
24,Burger King,Burger King,Burger King,24.9669442,121.1906114,food_and_dining,Fast food restaurant,4.5,45,"320, Taiwan, Taoyuan City, Pingzhen District, Zhongda Rd, 300號1樓中央大學 Pine Garden Restaurant",Open · Closes 7.00 pm,, Dine-in  Takeaway  Delivery,Pictures of burgers are much more attractive than real burgers you get-tastes awfully and looks bad. Much more expensive than other choices at the food court.
25,CASA BRASIL NCU,"Office of International Affairs, NCU","Office of International Affairs, NCU",24.9643939,121.1910876,food_and_dining,School center,4.2,42,"Shuanglian Village, Pingzhen District, Taoyuan City, Taiwan 324",Open · Closes 5.00 pm,,,The female administrator sitting alone on the right as you walk in really doesn't need to have such a sour face. Why are you so impatient when I'm just asking a question?
26,Che Ku,,Che Ku,24.9700914,121.195913,building,,,,,,,,
27,Chu Chuang Shi Fang,Siyue Wenchuang Kitchen Shaxi,Siyue Wenchuang Kitchen Shaxi,24.9647873,121.1907464,food_and_dining,Chinese restaurant,5.0,50,"China, 沙溪古镇, Jianchuan County, 21, Sideng St, 21号CN 云南省 大理白族自治州 Nangu Zong Alley 邮政编码: 671302",,,,"There's a vegetarian lunch buffet from 12-2 pm. It costs 49 yuan per person.

We were so grateful to find a restaurant that offers such a good vegetarian selection. The food is delicious."
28,Convenience,7-ELEVEN 央大智能門市,7-ELEVEN Yang Da Zhi Neng Men Shi,24.9642658,121.1932089,shop,Convenience store,4.4,44,"320, Taiwan, Taoyuan City, Zhongli District, Zhongda Rd, 300號B1 Female Dormitory 14",Open 24 hours,,,"The automatic payment store is located on the NCU campus, because it is the first day, the staff still appears and guides. There are 2 automatic payment machines, allowing ATM, Apple Pay, credit cards"
29,Da Bo,LALA Kitchen,LALA Kitchen,24.9671565,121.1907715,food_and_dining,New American restaurant,4.0,40,"320, Taiwan, Taoyuan City, Pingzhen District, 中央大學松苑餐廳2樓",Open · Closes 9.00 pm,, Dine-in  Takeaway  Delivery,"If you enjoy waiting 30 minutes for a hot latte and a full hour for your food, congratulations — you've found your happy place. Patience isn't just a virtue here, it's a requirement."
30,Da Bo Chu Fang,Boda Kitchen,Boda Kitchen,24.9641934,121.1906961,food_and_dining,Chinese restaurant,,,"JXMQ+GJQ, Jiefang E Rd, Qingshanhu District, Nanchang, Jiangxi, China, 330012",,,,
31,Da Jiang Tang,D'Jang Gem Korean Restaurant - Mayjen Sungkono,D'Jang Gem Korean Restaurant - Mayjen Sungkono,24.9672014,121.1959266,education,Korean restaurant,4.3,43,"Jl. Mayjen Sungkono No.208 A, Putat Gede, Kec. Sukomanunggal, Surabaya, Jawa Timur 60189",Open · Closes 10.00 pm,, Dine-in  Takeaway  No-contact delivery,"One of the best Korean restaurant in Surabaya that I've visited by far.
We ordered fried chicken, Jajangmyeon, and bibimbap.
Jajangmyeon was never my favorite Korean dish. But their Jajangmyeon here i"
32,Da Li Tang,秉文堂( Ping-Wen Hall),Bing Wen Tang ( Ping-Wen Hall),24.9682972,121.1923619,education,General education school,,,"號, No. 300, Zhongda Rd, Wuquan Village, Zhongli District, Taoyuan City, Taiwan 320",Open · Closes 5.00 pm,,,
33,Da Qi Huan Jing Shi Yan Shi,Nanjing University of Aeronautics and Astronautics Aircraft Environment Control Laboratory,Nanjing University of Aeronautics and Astronautics Aircraft Environment Control Laboratory,24.9674367,121.1854887,education,"China, Jiangsu, Nanjing, Qinhuai District, 中华门 邮政编码: 210095",,,,,,,
34,Da Xing Li Xue Shi Yan Shi,Xi'an Jiaotong University Xingqing Campus-Electric Equipment Electricity Insulating National Key Laboratory,Xi'an Jiaotong University Xingqing Campus-Electric Equipment Electricity Insulating National Key Laboratory,24.9687745,121.188519,education,"China, Shaanxi, Xi'An, Beilin, 和平门",,,,,,,
35,Da Zhong Yang Hou Qie Niu Pai,廚窗 Kitchen Bliss,Chu Chuang Kitchen Bliss,24.9647076,121.1907025,food_and_dining,Restaurant,4.3,43,"No. 157號, Zhongyang Rd, Shuanglian Village, Pingzhen District, Taoyuan City, Taiwan 324",Open · Closes 1.30 pm · Reopens 5.00 pm,, Dine-in  Takeaway  Delivery,"Very cosy restaurant serving taste dishes, especially teriyaki chicken.
Staff speaks English and English menu is available."
36,Daddy'sMei Shi Can Ting,The Shrimp Daddy 蝦老爹美食海鮮 - 桃園,The Shrimp Daddy Xia Lao Die Mei Shi Hai Xian - Tao Yuan,24.9636874,121.1907647,food_and_dining,Seafood restaurant,4.6,46,"330, Taiwan, Taoyuan City, Taoyuan District, Wenhua Village, Zhongzheng Rd, 61號8F",Temporarily closed,,,"If you would like to try live lobster, I reccommend this restaurant. There are 2 size of lobster that you can choose. The staff is really help to explain menu ,portion ,or anything else. …"
37,Dan Er She,,Dan Er She,24.9665483,121.1907345,residential,,,,,,,,
38,Dan Si She,Sin she OEI TIONG HWI,Sin she OEI TIONG HWI,24.9667551,121.190514,residential,Doctor,5.0,50,"Jl. Karang Asem IV No.121, Ploso, Kec. Tambaksari, Surabaya, Jawa Timur 60134",Open · Closes 6.00 pm,,,"Thank God, O Lord, you have given me healing through Sinshe Oei Tiong Hwi. My child has recovered from nephrotic syndrome and has not had a relapse until now. My father has recovered from kidney stone"
39,Dan Yi She,,Dan Yi She,24.9660948,121.1909385,residential,,,,,,,,
40,Darts & Cues Club,Cues & Darts,Cues & Darts,24.9644355,121.1931376,food_and_dining,Pool hall,4.5,45,"Professor Romeinstraat 17, 5013 BX Tilburg, Netherlands",Closed · Opens 12.00 pm,,,
41,Deng Ya Jiao Tang Bao Che,Jia Jia Tang Bao,Jia Jia Tang Bao,24.9647426,121.1933974,food_and_dining,Chinese restaurant,4.3,43,"90 Huanghe Rd, People's Square, Huangpu, Shanghai, China, 200003",Open · Closes 9.30 pm,, Dine-in  Takeaway,"for our first meal in Shanghai, we made a special trip here after reading reviews online. my verdict? the food is decent, but our seating arrangement totally killed the vibe. …"
42,Department of Mathematics,Department of Mathematics,Department of Mathematics,24.9708487,121.1926944,education,Educational institution,4.8,48,"2 Science Drive 2, Singapore 117543",Open · Closes 6.00 pm,,,it's very good disciplining
43,Di Er Xing Zheng Zhong Xin,秉文堂( Ping-Wen Hall),Bing Wen Tang ( Ping-Wen Hall),24.9682852,121.193621,education,General education school,,,"號, No. 300, Zhongda Rd, Wuquan Village, Zhongli District, Taoyuan City, Taiwan 320",Open · Closes 5.00 pm,,,
44,Di Qiu Ke Xue Yuan,秉文堂( Ping-Wen Hall),Bing Wen Tang ( Ping-Wen Hall),24.9673729,121.1945404,education,General education school,,,"號, No. 300, Zhongda Rd, Wuquan Village, Zhongli District, Taoyuan City, Taiwan 320",Open · Closes 5.00 pm,,,
45,Di Qiu Ke Xue Yuan,秉文堂( Ping-Wen Hall),Bing Wen Tang ( Ping-Wen Hall),24.9671291,121.1945295,education,General education school,,,"號, No. 300, Zhongda Rd, Wuquan Village, Zhongli District, Taoyuan City, Taiwan 320",Open · Closes 5.00 pm,,,
46,Dian Ji Xi,秉文堂( Ping-Wen Hall),Bing Wen Tang ( Ping-Wen Hall),24.9674904,121.1914196,education,General education school,,,"號, No. 300, Zhongda Rd, Wuquan Village, Zhongli District, Taoyuan City, Taiwan 320",Open · Closes 5.00 pm,,,
47,Dong Dong Sheng Xian Shou Gong Da Shui Jiao,來客,Lai Ke,24.9651315,121.1935441,food_and_dining,Bistro,4.6,46,"No. 28-2號, Lane 331, Wuxing Rd, Wuquan Village, Zhongli District, Taoyuan City, Taiwan 320",Open · Closes 2.00 pm · Reopens 5.00 pm,, Dine-in  Takeaway,"You can refill your food except for the meat. This is amazing. Plus, the food tastes OK. Warmly recommend."
48,Dong Hai Tang Xu Shi Zong Ci,,Dong Hai Tang Xu Shi Zong Ci,24.9635485,121.1960852,building,,,,,,,,
49,Dormitory (268824431),,Dormitory (268824431),24.9656805,121.1956258,residential,,,,,,,,
50,Dun Huang Shu Ju,Dunhuang,Dunhuang,24.9655539,121.1949622,shop,,,,,,,,
51,Eight Way,8 Ways Cafe,8 Ways Cafe,24.964702,121.190919,food_and_dining,Restaurant,4.0,40,"S/L 9 Lot 188 Soho, Soho West Jalan Wan Alwi Lorong, 5, 93350 Kuching, Sarawak, Malaysia",Closed · Opens 8.00 am Thu,, Dine-in  Takeaway,"Visited 8 Ways Café and really enjoyed the dishes. The fried rice cake was excellent — chewy rice cakes stir-fried with eggs, vegetables and black fungus, all coated in a savory sauce with a nice hint"
52,Enf-Jian Kang Qing Shi Can,Kang Qing,Kang Qing,24.9652852,121.1935389,food_and_dining,Chinese restaurant,3.9,39,"Av Independencia 19, Colonia Centro, Centro, Cuauhtémoc, 06050 Ciudad de México, CDMX, Mexico",Closed · Opens 10.30 am Wed,, Dine-in  Takeaway,You can eat as much as you want here for $50 pesos
53,FamilyMart,全家便利商店-中壢龍凱店,Quan Jia Bian Li Shang Dian -Zhong Li Long Kai Dian,24.9646078,121.1908803,shop,Convenience store,2.5,25,"No. 218號, Zhongyang Rd, Wuquan Village, Zhongli District, Taoyuan City, Taiwan 320",Open 24 hours,, In-store pick-up,Most clerks are no prb in terms of customer service.
54,FamilyMart,全家便利商店-中壢龍凱店,Quan Jia Bian Li Shang Dian -Zhong Li Long Kai Dian,24.9670304,121.1905942,shop,Convenience store,2.5,25,"No. 218號, Zhongyang Rd, Wuquan Village, Zhongli District, Taoyuan City, Taiwan 320",Open 24 hours,, In-store pick-up,Most clerks are no prb in terms of customer service.
55,FamilyMart,FamilyMart National Central University II,FamilyMart National Central University II,24.9705622,121.195744,shop,Convenience store,3.0,30,"No. 300號, Zhongda Rd, Shuanglian Village, Zhongli District, Taoyuan City, Taiwan 320",Temporarily closed,"business hours, mentioned in 2 reviews",,Inside the NCU campus. The variety of food is not good and little bit packed in rush hour
56,FamilyMart,7-ELEVEN 中大松果門市,7-ELEVEN Zhong Da Song Guo Men Shi,24.9656158,121.1954721,shop,Convenience store,4.6,46,"Pine Cone Restaurant, No. 300號, Zhongda Rd, Wuquan Village, Zhongli District, Taoyuan City, Taiwan 320",Open · Closes 1.00 am,,,"The 7-Eleven Central University Pinecone Store, located within National Central University, is a convenient stop relied upon by students and nearby residents in their daily lives. It boasts a good var"
57,FamilyMart,,FamilyMart,24.9592648,121.1829827,shop,,,,,,,,
58,Fu De Ci,Fude Ancestral Temple,Fude Ancestral Temple,24.9734835,121.1988511,amenity,,,,,,,,
59,Fu Lu Bei Er Chong Hao You Er Yuan Zhong Da Fen Xiao,,Fu Lu Bei Er Chong Hao You Er Yuan Zhong Da Fen Xiao,24.9699636,121.1994289,education,,,,,,,,
60,Fu Ming Gong,Twin Guest Room-Amenity-Pool level view-Fully Furnished-Free Netflix-Wifi-Mall of Asia Complex-Shore,Twin Guest Room-Amenity-Pool level view-Fully Furnished-Free Netflix-Wifi-Mall of Asia Complex-Shore,24.9658373,121.1851324,amenity,,,,"Pasay City, Metro Manila, Philippines",,,,
61,Fu Quan Dou Hua,廚窗 Kitchen Bliss,Chu Chuang Kitchen Bliss,24.9652901,121.1909283,food_and_dining,Restaurant,4.3,43,"No. 157號, Zhongyang Rd, Shuanglian Village, Pingzhen District, Taoyuan City, Taiwan 324",Closes soon · 1.30 pm · Reopens 5.00 pm,, Dine-in  Takeaway  Delivery,"Very cosy restaurant serving taste dishes, especially teriyaki chicken.
Staff speaks English and English menu is available."
62,Fu Sheng Hong You Chao Shou,Youfu HK Kopitiam & Chinese Cuisine - San Diego Pakuwon City,Youfu HK Kopitiam & Chinese Cuisine - San Diego Pakuwon City,24.9641931,121.1904657,food_and_dining,Restaurant,4.7,47,"Ruko San Diego MR2-2, Kalisari, Kec. Mulyorejo, Surabaya, Jawa Timur 60112",Open · Closes 10.00 pm,, Dine-in  Takeaway  Delivery,"The food is pretty good, especially their claypot menu. I recommend their Chiffone Charsiew Rice and Hamburger Chiffone Rice. The egg is very fluffy, the meat very tender and juicy. I ordered Milk Tea"
63,Gao Ya Bian Dian Zhan,Gia Bảo Hân ( ăn vặt taoyuan ),Gia Bao Han ( an vat taoyuan ),24.9673254,121.1966198,education,Food court,4.0,40,"No. 23之1號, Beipu Rd, Beimen Village, Taoyuan District, Taoyuan City, Taiwan 330",Closed · Opens 2.00 pm,,,"Vietnamese tortilla wraps: Generous tortillas filled with filling, served with a special dipping sauce – refreshing and delicious.
Vietnamese sticky rice with meat filling: Crispy outer layer with a f"
64,Garden,,Garden,24.9664968,121.1878669,leisure,,,,,,,,
65,Gong Cheng San Guan (Ji Jie Guan ),Network Learning Technology,Network Learning Technology,24.9679444,121.1885372,education,Graduate school,4.7,47,"320, Taiwan, Taoyuan City, Pingzhen District, Wuquan Village, 中大路300號",Open · Closes 6.00 pm,,,Professor hwangs lab
66,Gong Cheng Wu Guan,Network Learning Technology,Network Learning Technology,24.9669988,121.1873001,education,Graduate school,4.7,47,"320, Taiwan, Taoyuan City, Pingzhen District, Wuquan Village, 中大路300號",Open · Closes 6.00 pm,,,Professor hwangs lab
67,Gong Cheng Yi Guan,POPO的秘密基地,POPODe Mi Mi Ji Di,24.9674217,121.1926782,education,Education center,5.0,50,"320, Taiwan, Taoyuan City, Zhongli District, Wuquan Village, Zhongda Rd, 300號, Engineering Building 1, E235室",,,,The location of a group of teachers' darlings
68,Gong Wu Guan Qu Ting Che Chang,,Gong Wu Guan Qu Ting Che Chang,24.96695,121.1885808,transport,,,,,,,,
69,Gou Yi Shi,來客,Lai Ke,24.9642021,121.1931649,food_and_dining,Bistro,4.6,46,"No. 28-2號, Lane 331, Wuxing Rd, Wuquan Village, Zhongli District, Taoyuan City, Taiwan 320",Open · Closes 2.00 pm · Reopens 5.00 pm,, Dine-in  Takeaway,"You can refill your food except for the meat. This is amazing. Plus, the food tastes OK. Warmly recommend."
70,Guan Li Xue Yuan Er Guan,Champion Golf Academy,Champion Golf Academy,24.9707253,121.1936117,education,Add a photo,,,"China, Jiangsu, Wuxi, Jiangyin, 大桥南路177号杨柳岸水榭庄园高尔夫俱乐部内 邮政编码: 214400",,,,
71,Gui Dao Han Bao,ĐÁO HẠN RÚT TIỀN MẶT THẺ TÍN DỤNG BIÊN HÒA - TÍN DỤNG NHANH,DAO HAN RUT TIEN MAT THE TIN DUNG BIEN HOA - TIN DUNG NHANH,24.9649763,121.1935667,food_and_dining,Credit counseling service,4.9,49,"A41 N9, KHU D2D, Trấn Biên, Đồng Nai 700000, Vietnam",Open · Closes 6.00 pm,,,
72,Guo Ding Guang Dian Da Lou,,Guo Ding Guang Dian Da Lou,24.9702699,121.1903721,building,,,,,,,,
73,Guo Ding Tu Shu Zi Liao Guan,,Guo Ding Tu Shu Zi Liao Guan,24.9700564,121.1944473,education,,,,,,,,
74,Guo Ji Xue Sheng Su She,College of International Education Xiwu Study Abroad Sheng Dormitory,College of International Education Xiwu Study Abroad Sheng Dormitory,24.9661569,121.1944424,residential,"China, Guangdong Province, Guangzhou, Tianhe District, 黄埔冲 邮政编码: 510642",,,,,,,
75,Guo Jia Huan Jing Yan Jiu Yuan,環境部化學物質管理署中壢辦公室,Huan Jing Bu Hua Xue Wu Zhi Guan Li Shu Zhong Li Ban Gong Shi,24.9608526,121.1926912,office,Corporate office,5.0,50,"320, Taiwan, Taoyuan City, Zhongli District, Wuquan Village, Section 3, Minzu Rd, 260號6樓",Open · Closes 5.30 pm,,,A clean and quiet place for classes
76,Ha Bao Bao,Ha Bao Breakfast Restaurant,Ha Bao Breakfast Restaurant,24.9648057,121.1911325,food_and_dining,Restaurant,4.2,42,"No. 1312號, Chunri Rd, Bianzhou Village, Taoyuan District, Taoyuan City, Taiwan 330",Closed · Opens 5.30 am Fri,, Dine-in  Takeaway  Delivery,"Blue Checkmark Review:

Enjoyed on 2025/04/22 …"
77,Han Lin,來客,Lai Ke,24.9645569,121.1932753,food_and_dining,Bistro,4.6,46,"No. 28-2號, Lane 331, Wuxing Rd, Wuquan Village, Zhongli District, Taoyuan City, Taiwan 320",Open · Closes 2.00 pm · Reopens 5.00 pm,, Dine-in  Takeaway,"You can refill your food except for the meat. This is amazing. Plus, the food tastes OK. Warmly recommend."
78,Han Lin Da Han Bao,Lin Ji Lao Si West Ji Dan Hamburger,Lin Ji Lao Si West Ji Dan Hamburger,24.9645276,121.1906021,food_and_dining,Fast food restaurant,4.8,48,"20 Shanzaiding Ln, Siming District, Xiamen, Fujian, China, 361001",,, Dine-in  Takeaway,"Nine yuan each.
WeChat/Alipay/cash are accepted. …"
79,Hi-Life,Hi-Life,Hi-Life,24.9592732,121.1831595,shop,Convenience store,1.9,19,"324, Taiwan, Taoyuan City, Pingzhen District, Shuanglian Village, 民族路雙連二段112號",Open 24 hours,,,"The staff on the afternoon and evening shifts wear masks and don't say a word during checkout. They also don't remind members to accumulate points; customers have to ask themselves. Even then, they ju"
80,Hillside Grill,,Hillside Grill,24.9607565,121.1909666,food_and_dining,,,,,,,,
81,Hong Le,Hong-Le Floral & Trading,Hong-Le Floral & Trading,24.9644331,121.1918619,food_and_dining,Florist,4.9,49,"48 Toh Guan Rd E, #09-149, Singapore 608586",Open · Closes 6.00 pm,,,Have always been able to rely on Hong-Le to provide fresh flower bouquets at a super reasonable price every single time. They've provided me with peace of mind especially while I'm away from SG with t
82,Hong Lou,Hong Lou,Hong Lou,24.9647406,121.1907168,food_and_dining,Chinese restaurant,4.4,44,"No. 25號, Dexing W Rd, Lanxing Village, Shilin District, Taipei City, Taiwan 111",Open · Closes 2.00 pm · Reopens 5.00 pm,,"Polished restaurant serving typical Chinese meat, seafood & vegetable dishes, plus soup & desserts.  Dine-in  Takeaway  Delivery","Seriously, if you're looking for incredible soup dumplings, stop here. The Xiao Long Bao were truly amazing and, dare I say, better than Din Tai Fung's. Perfectly thin wrappers, savory filling, and ge"
83,Hu Si Ka Pei,No.17 White House,No.17 White House,24.9645339,121.1912451,food_and_dining,Restaurant,4.5,45,"No. 21號, Lane 216, Zhongyang Rd, Wuquan Village, Zhongli District, Taoyuan City, Taiwan 320",Closes soon · 1.30 pm · Reopens 5.00 pm,, Dine-in  Takeaway  Delivery,"I ordered spicy creamy chicken. The taste is weird, can’t tell what it tastes like.. …"
84,Hu Xin Ting,Twin Guest Room-Amenity-Pool level view-Fully Furnished-Free Netflix-Wifi-Mall of Asia Complex-Shore,Twin Guest Room-Amenity-Pool level view-Fully Furnished-Free Netflix-Wifi-Mall of Asia Complex-Shore,24.9707267,121.1916367,amenity,,,,"Pasay City, Metro Manila, Philippines",,,,
85,Hua Cha Da Shi,Scented Tea Great World,Scented Tea Great World,24.9653904,121.1935367,shop,Tea store,,,"China, 3, Shunde District, CN 广东省 佛山市正西方向120米 邮政编码: 528308",,,,
86,Huan Gong Suo,"Shanxi Huaqiang Baihui Pharmaceutical Chain Co.,Ltd. W Ring Rd Branch","Shanxi Huaqiang Baihui Pharmaceutical Chain Co.,Ltd. W Ring Rd Branch",24.96836,121.1875525,education,"China, Fujian, Fuzhou, Taijiang District, 茶亭 邮政编码: 350007",,,,,,,
87,Huan Jing Jian Yan Da Lou,,Huan Jing Jian Yan Da Lou,24.960924,121.1924944,building,,,,,,,,
88,Huo Kao Yao Pizza,Copoka PIZZA,Copoka PIZZA,24.9642038,121.1929864,food_and_dining,Pizza restaurant,4.7,47,"330, Taiwan, Taoyuan City, Taoyuan District, Zhonghe Village, Bo'ai Rd, 66號1樓",Closed · Opens 11.00 am Thu,, Dine-in  Takeaway  Delivery,"Cracker-thin crust pizza isn’t usually my thing, but the flavors here are on point. This guy even pulled off a Mi-Shua (大腸麵線) pizza, small intestines on a pizza and it was surprisingly dope. I’m defin"
89,Ji Che Xing,,Ji Che Xing,24.9605033,121.1903499,shop,,,,,,,,
90,Ji Mi Xiong Xin Dian Zi Zao Wu Can,No.17 White House,No.17 White House,24.9643818,121.1921102,food_and_dining,Restaurant,4.5,45,"No. 21號, Lane 216, Zhongyang Rd, Wuquan Village, Zhongli District, Taoyuan City, Taiwan 320",Closes soon · 1.30 pm · Reopens 5.00 pm,, Dine-in  Takeaway  Delivery,"I ordered spicy creamy chicken. The taste is weird, can’t tell what it tastes like.. …"
91,Ji Pai Che,Kun Baida International Pai B Zuo Parking Lot,Kun Baida International Pai B Zuo Parking Lot,24.964927,121.1935696,food_and_dining,"China, Shanghai, Pudong, 外高桥 邮政编码: 200128",,,,,,,
92,Ji Shi Fu Jiang Zhi Zhao Shao Ji Pai,來客,Lai Ke,24.9647434,121.193488,food_and_dining,Bistro,4.6,46,"No. 28-2號, Lane 331, Wuxing Rd, Wuquan Village, Zhongli District, Taoyuan City, Taiwan 320",Open · Closes 2.00 pm · Reopens 5.00 pm,, Dine-in  Takeaway,"You can refill your food except for the meat. This is amazing. Plus, the food tastes OK. Warmly recommend."
93,Jia Xiang Mian Dian,廚窗 Kitchen Bliss,Chu Chuang Kitchen Bliss,24.9641226,121.1906896,food_and_dining,Restaurant,4.3,43,"No. 157號, Zhongyang Rd, Shuanglian Village, Pingzhen District, Taoyuan City, Taiwan 324",Closes soon · 1.30 pm · Reopens 5.00 pm,, Dine-in  Takeaway  Delivery,"Very cosy restaurant serving taste dishes, especially teriyaki chicken.
Staff speaks English and English menu is available."
94,Jian Kang Mei Shi Guan,Baisuicun Health Gourmet Restaurant,Baisuicun Health Gourmet Restaurant,24.9647964,121.1909519,food_and_dining,Chinese restaurant,,,"HXP8+HPR, Pingshan 1 Rd, Xili, Nanshan, Shenzhen, Guangdong Province, China, 518071",,, Dine-in  Takeaway  Delivery,
95,Jiao Xue Yan Jiu Zong He Da Lou,Cug-Postgraduate Teaching Bldg. 1,Cug-Postgraduate Teaching Bldg. 1,24.9683295,121.1917082,education,"China, Hubei, Wuhan, Hongshan, 石牌岭 邮政编码: 430079",,,,,,,
96,Jiao Yan Da Lou Di Xia Ting Che Chang,Hainan University Haidian Campus-Comprehensive Experiment Teaching Lou Underground Parking,Hainan University Haidian Campus-Comprehensive Experiment Teaching Lou Underground Parking,24.9681798,121.1916421,transport,Parking garage,,,"China, Hainan, Haikou, Meilan District, 58, Renmin Blvd, 58号海南大学海甸校区 邮政编码: 570228",,,,
97,Jin Zhi Yuan Pai Gu,廚窗 Kitchen Bliss,Chu Chuang Kitchen Bliss,24.9648425,121.1907689,food_and_dining,Restaurant,4.3,43,"No. 157號, Zhongyang Rd, Shuanglian Village, Pingzhen District, Taoyuan City, Taiwan 324",Closes soon · 1.30 pm · Reopens 5.00 pm,, Dine-in  Takeaway  Delivery,"Very cosy restaurant serving taste dishes, especially teriyaki chicken.
Staff speaks English and English menu is available."
98,Jing Cheng Han Shi Tang Fan,來客,Lai Ke,24.9642449,121.1931822,food_and_dining,Bistro,4.6,46,"No. 28-2號, Lane 331, Wuxing Rd, Wuquan Village, Zhongli District, Taoyuan City, Taiwan 320",Open · Closes 2.00 pm · Reopens 5.00 pm,, Dine-in  Takeaway,"You can refill your food except for the meat. This is amazing. Plus, the food tastes OK. Warmly recommend."
99,Jiu Can,,Jiu Can,24.9707015,121.1958215,food_and_dining,,,,,,,,
100,Jiu Pin,Jiu Pin Yuan Dim Sum 九品元点心,Jiu Pin Yuan Dim Sum Jiu Pin Yuan Dian Xin,24.9643926,121.1905679,food_and_dining,Dim sum restaurant,4.4,44,"Lot 1, Taman Land Breeze Shoplot Lorong Bunga Inai, Jalan Penampang, 88200 Kota Kinabalu, Sabah, Malaysia",Open · Closes 3.00 pm,, Dine-in  Kerbside pickup  No-contact delivery,We had a good dim sum bfast. The steam(ed) items were better than the fried (prawns) & baked (egg tarts). We enjoyed ourselves. Thank you🙏❤️. …
101,Ju De Lou,Jude Restaurant,Jude Restaurant,24.9667609,121.1958916,education,Chinese restaurant,,,"F2PV+J6V, Tongxing St, Licheng District, Putian, Putian, Fujian, China, 351133",,, Dine-in  Takeaway,
102,Ka Li Lao Shi,來客,Lai Ke,24.9649948,121.1936402,food_and_dining,Bistro,4.6,46,"No. 28-2號, Lane 331, Wuxing Rd, Wuquan Village, Zhongli District, Taoyuan City, Taiwan 320",Open · Closes 2.00 pm · Reopens 5.00 pm,, Dine-in  Takeaway,"You can refill your food except for the meat. This is amazing. Plus, the food tastes OK. Warmly recommend."
103,Ke Jia Xue Yuan,加佳食坊-昆明店（客家鹹湯圓/新埔粄條）,Jia Jia Shi Fang -Kun Ming Dian (Ke Jia Xian Tang Yuan /Xin Bu Ban Tiao ),24.9709302,121.1904257,education,Restaurant,4.5,45,"No. 183號, Kunming Rd, Fu'an Village, Taoyuan District, Taoyuan City, Taiwan 330",Open · Closes 2.00 pm · Reopens 4.00 pm,, Dine-in  Drive-through  Delivery,"On my first visit, I ordered the seafood congee ($130). The broth was incredibly flavorful, the fried shallots were super fragrant, the two white shrimp were sweet and fresh, the squid (2-3 rings) was"
104,Ke San Guan,Science Education Center,Science Education Center,24.9707236,121.1921368,education,Academic department,4.8,48,"320, Taiwan, Taoyuan City, Zhongli District, Zhongda Rd, 300號綜教館二樓O-203",Open · Closes 6.00 pm,,,It won't be dark in the neighborhood at night.
105,Ke Wu Guan (S5),General Education Building,General Education Building,24.9713946,121.1926077,education,Academic department,3.8,38,"No. 300, Zhongda Rd, Wuquan Village, Zhongli District, Taoyuan City, Taiwan 320",Open · Closes 5.00 pm,,,I come here to learn mandarin..
106,Ke Xue Er Guan (Li Xue Yuan Da Lou ),Science Education Center,Science Education Center,24.9699801,121.192245,education,Academic department,4.8,48,"320, Taiwan, Taoyuan City, Zhongli District, Zhongda Rd, 300號綜教館二樓O-203",Open · Closes 6.00 pm,,,It won't be dark in the neighborhood at night.
107,Ke Xue Si Guan,Science Education Center,Science Education Center,24.9712894,121.1918149,education,Academic department,4.8,48,"320, Taiwan, Taoyuan City, Zhongli District, Zhongda Rd, 300號綜教館二樓O-203",Open · Closes 6.00 pm,,,It won't be dark in the neighborhood at night.
108,Lai Ke,來客,Lai Ke,24.9648787,121.1932982,food_and_dining,Bistro,4.6,46,"No. 28-2號, Lane 331, Wuxing Rd, Wuquan Village, Zhongli District, Taoyuan City, Taiwan 320",Open · Closes 2.00 pm · Reopens 5.00 pm,, Dine-in  Takeaway,"You can refill your food except for the meat. This is amazing. Plus, the food tastes OK. Warmly recommend."
109,Lai Ke Bao Zao Wu Can,廚窗 Kitchen Bliss,Chu Chuang Kitchen Bliss,24.9641502,121.1905562,food_and_dining,Restaurant,4.3,43,"No. 157號, Zhongyang Rd, Shuanglian Village, Pingzhen District, Taoyuan City, Taiwan 324",Closes soon · 1.30 pm · Reopens 5.00 pm,, Dine-in  Takeaway  Delivery,"Very cosy restaurant serving taste dishes, especially teriyaki chicken.
Staff speaks English and English menu is available."
110,Lai Lai Chao Fan,Lailai Snack Dumpling,Lailai Snack Dumpling,24.9653707,121.1936545,food_and_dining,Chinese restaurant,4.4,44,"504 Tianjin Rd, Huangpu, Shanghai, China, 200001",Open · Closes 9.30 pm,, Dine-in  Takeaway,"Came here after seeing many great reviews, and it definitely lived up to the hype.
I ordered the crab xiaolongbao and a bowl of shrimp and crab wonton soup. The …"
111,Lai Lai Ting Che Chang,Langshi Future Jia Southeast Gate-Parking Lot,Langshi Future Jia Southeast Gate-Parking Lot,24.9653259,121.1909337,transport,"Jiaojiang District, Taizhou, Zhejiang, China, 318001",,,,,,,
112,Lai Mu Si Zao Wu Can,廚窗 Kitchen Bliss,Chu Chuang Kitchen Bliss,24.9640076,121.1905813,food_and_dining,Restaurant,4.3,43,"No. 157號, Zhongyang Rd, Shuanglian Village, Pingzhen District, Taoyuan City, Taiwan 324",Closes soon · 1.30 pm · Reopens 5.00 pm,, Dine-in  Takeaway  Delivery,"Very cosy restaurant serving taste dishes, especially teriyaki chicken.
Staff speaks English and English menu is available."
113,Lan Qiu Chang,,Lan Qiu Chang,24.9687142,121.1892237,leisure,,,,,,,,
114,Lan Qiu Chang,,Lan Qiu Chang,24.9695837,121.1906465,leisure,,,,,,,,
115,Lan Qiu Chang,,Lan Qiu Chang,24.9694201,121.1891242,leisure,,,,,,,,
116,Language Center,General Education Building,General Education Building,24.9702864,121.1928793,education,Academic department,3.8,38,"No. 300, Zhongda Rd, Wuquan Village, Zhongli District, Taoyuan City, Taiwan 320",Open · Closes 5.00 pm,,,I come here to learn mandarin..
117,Laya Burger,廚窗 Kitchen Bliss,Chu Chuang Kitchen Bliss,24.9653923,121.19096,food_and_dining,Restaurant,4.3,43,"No. 157號, Zhongyang Rd, Shuanglian Village, Pingzhen District, Taoyuan City, Taiwan 324",Closes soon · 1.30 pm · Reopens 5.00 pm,, Dine-in  Takeaway  Delivery,"Very cosy restaurant serving taste dishes, especially teriyaki chicken.
Staff speaks English and English menu is available."
118,Le Huo Bao,Lehuobao,Lehuobao,24.9643538,121.1907687,food_and_dining,Restaurant,,,"G9G8+HR2, Guangba E Rd, Hongshan, Wuhan, Hubei, China, 430079",,, Dine-in  Takeaway,
119,Li Xue Yuan Jiao Xue Guan (Pu Hua Shi Yan Da Lou ),General Education Building,General Education Building,24.9714218,121.1922425,education,Academic department,3.8,38,"No. 300, Zhongda Rd, Wuquan Village, Zhongli District, Taoyuan City, Taiwan 320",Open · Closes 5.00 pm,,,I come here to learn mandarin..
120,Liu Bing Chang,,Liu Bing Chang,24.9695609,121.1909718,leisure,,,,,,,,
121,Louisa Coffee,Louisa Coffee 路易莎咖啡(中央大學門市),Louisa Coffee Lu Yi Sha Ka Pei (Zhong Yang Da Xue Men Shi ),24.9670159,121.1906809,food_and_dining,Coffee store,3.3,33,"No. 300號, Zhongda Rd, Wuquan Village, Pingzhen District, Taoyuan City, Taiwan 320",Open · Closes 5.30 pm,, Dine-in  Takeaway  Delivery,"Caramel machiato is so good. Free wifi, credit card accepted."
122,Lu Wei Ju,Luweiju,Luweiju,24.9643972,121.1908039,food_and_dining,Asian restaurant,,,"168 Wenyi W Rd, 城西商圈 Xihu, Hangzhou, Zhejiang, China, 310012",,, Dine-in  Takeaway  Delivery,
123,Ma Er Bo Ka Pei,廚窗 Kitchen Bliss,Chu Chuang Kitchen Bliss,24.9638284,121.1907406,food_and_dining,Restaurant,4.3,43,"No. 157號, Zhongyang Rd, Shuanglian Village, Pingzhen District, Taoyuan City, Taiwan 324",Closes soon · 1.30 pm · Reopens 5.00 pm,, Dine-in  Takeaway  Delivery,"Very cosy restaurant serving taste dishes, especially teriyaki chicken.
Staff speaks English and English menu is available."
124,Mai Bao Bao Zao Dian,廚窗 Kitchen Bliss,Chu Chuang Kitchen Bliss,24.9649972,121.1908195,food_and_dining,Restaurant,4.3,43,"No. 157號, Zhongyang Rd, Shuanglian Village, Pingzhen District, Taoyuan City, Taiwan 324",Closes soon · 1.30 pm · Reopens 5.00 pm,, Dine-in  Takeaway  Delivery,"Very cosy restaurant serving taste dishes, especially teriyaki chicken.
Staff speaks English and English menu is available."
125,Mai Ke Xiao Jie,廚窗 Kitchen Bliss,Chu Chuang Kitchen Bliss,24.9643121,121.1905042,food_and_dining,Restaurant,4.3,43,"No. 157號, Zhongyang Rd, Shuanglian Village, Pingzhen District, Taoyuan City, Taiwan 324",Closes soon · 1.30 pm · Reopens 5.00 pm,, Dine-in  Takeaway  Delivery,
126,Mai Wei Deng,麥味登 中壢（青埔）文智店,Mai Wei Deng Zhong Li (Qing Bu )Wen Zhi Dian,24.967023,121.1907369,food_and_dining,Brunch restaurant,4.0,40,"No. 162號, Wenzhi Rd, Zhiba Village, Zhongli District, Taoyuan City, Taiwan 320",Open · Closes 2.00 pm,, Dine-in  Takeaway,"Quite happy with the egg roll protein diet meal. Looks like about 60g chicken breast coated with egg and pan fried, and 2 eggs omelette with corn, onions, and mushroom, topped with tomato bolognese is"
127,Mai Wei Deng,麥味登 中壢（青埔）文智店,Mai Wei Deng Zhong Li (Qing Bu )Wen Zhi Dian,24.9653458,121.1935377,food_and_dining,Brunch restaurant,4.0,40,"No. 162號, Wenzhi Rd, Zhiba Village, Zhongli District, Taoyuan City, Taiwan 320",Open · Closes 2.00 pm,, Dine-in  Takeaway,"Quite happy with the egg roll protein diet meal. Looks like about 60g chicken breast coated with egg and pan fried, and 2 eggs omelette with corn, onions, and mushroom, topped with tomato bolognese is"
128,MainDan,Mess PT. Marannu Maraya Maindan,Mess PT. Marannu Maraya Maindan,24.9654133,121.1936828,food_and_dining,Home builder,,,"F6FR+8R, Long Melaham, Long Bagun, Mahakam Ulu Regency, East Kalimantan 75767",,,,
129,Man Shi Ji Shao Rou Jing Fan,來客,Lai Ke,24.9653171,121.193539,food_and_dining,Bistro,4.6,46,"No. 28-2號, Lane 331, Wuxing Rd, Wuquan Village, Zhongli District, Taoyuan City, Taiwan 320",Open · Closes 2.00 pm · Reopens 5.00 pm,, Dine-in  Takeaway,"You can refill your food except for the meat. This is amazing. Plus, the food tastes OK. Warmly recommend."
130,McDonald's,麥當勞-平鎮民族餐廳－設有得來速,Mai Dang Lao -Ping Zhen Min Zu Can Ting -She You De Lai Su,24.9603783,121.1881441,food_and_dining,Fast food restaurant,3.9,39,"324, Taiwan, Taoyuan City, Pingzhen District, Shuanglian Village, 民族路雙連一段88號",Open · Closes 12.00 am,,"Classic, long-running fast-food chain known for its burgers & fries.  Dine-in  Drive-through  No-contact delivery",No ketchup always food panda
131,Mei Shi Zao Can Wu,Chu Hua Zao Wu Jing Chuang Rest.,Chu Hua Zao Wu Jing Chuang Rest.,24.9642393,121.1907245,food_and_dining,Chinese restaurant,,,"China, 创意产业园内1916号CN 福建省 泉州市 鲤城区 新门街 邮政编码: 362001",,,,
132,Mei Wei Wang,Delicious Wang,Delicious Wang,24.9652227,121.1936522,food_and_dining,Chinese restaurant,,,"China, CN 广西壮族自治区 柳州市 鹿寨县 3-89-商铺西北方向80米 邮政编码: 545600",,, Dine-in  Takeaway,
133,Mi Dou Mido,Mido Hotel,Mido Hotel,24.9648842,121.1907898,food_and_dining,Hotel,,,"2050 Jiuling Middle Rd, Yongkang, Jinhua, Zhejiang, China, 321301",,,,
134,Mi Le Yi Da Li,廚窗 Kitchen Bliss,Chu Chuang Kitchen Bliss,24.9644589,121.1905665,food_and_dining,Restaurant,4.3,43,"No. 157號, Zhongyang Rd, Shuanglian Village, Pingzhen District, Taoyuan City, Taiwan 324",Closes soon · 1.30 pm · Reopens 5.00 pm,, Dine-in  Takeaway  Delivery,"Very cosy restaurant serving taste dishes, especially teriyaki chicken.
Staff speaks English and English menu is available."
135,Mi Lu Yi Mian Wu,Milu,Milu,24.9646626,121.1906778,food_and_dining,Chinese restaurant,4.5,45,"333 Park Ave S, New York, NY 10010, United States",,Closed · Opens 11.00 am · See more hours,"Easygoing destination spotlighting regional Chinese cooking, plus drinks & desserts.  Dine-in  Takeaway  Delivery",Very nice crispy chicken with chilli rice. It’s a good portion size for an adequate price. Only thing I would suggest is more crispy chilli (it’s the name of the dish).
136,Mi Mi Ji Di,Mi Mi Ji Di (Sports Plaza Store),Mi Mi Ji Di (Sports Plaza Store),24.9647544,121.190944,food_and_dining,Fast food restaurant,,,"91 Yingbin Rd, 91, Hongqiao Subdistrict, Qidong, Qidong County, Hengyang, Hunan, China, 421699",,, Dine-in  Takeaway,
137,Motorcycle Parking,國立中央大學機車停車場(大力館旁),Guo Li Zhong Yang Da Xue Ji Che Ting Che Chang (Da Li Guan Pang ),24.9663386,121.1877326,amenity,Parking lot for motorcycles,4.3,43,"324, Taiwan, Taoyuan City, Pingzhen District, 國立中央大學校內",Open 24 hours,,,Evaluation of the Motorcycle Parking Lot at National Central University (Next to the Dali Building) …
138,Motorcycle Parking,GoStation 中央大學站,GoStation Zhong Yang Da Xue Zhan,24.9657401,121.1909252,amenity,Electric vehicle charging station,5.0,50,"No. 185號, Zhongyang Rd, Shuanglian Village, Pingzhen District, Taoyuan City, Taiwan 324",Open 24 hours,,,"Gogoro Battery Swapping Station (Back Gate of National Central University, Chung-Ang Road) …"
139,Motorcycle Parking,GoStation 中央大學站,GoStation Zhong Yang Da Xue Zhan,24.9659091,121.1905497,amenity,Electric vehicle charging station,5.0,50,"No. 185號, Zhongyang Rd, Shuanglian Village, Pingzhen District, Taoyuan City, Taiwan 324",Open 24 hours,,,"Gogoro Battery Swapping Station (Back Gate of National Central University, Chung-Ang Road) …"
140,Motorcycle Parking,國立中央大學機車停車場(大力館旁),Guo Li Zhong Yang Da Xue Ji Che Ting Che Chang (Da Li Guan Pang ),24.9687538,121.1872841,amenity,Parking lot for motorcycles,4.3,43,"324, Taiwan, Taoyuan City, Pingzhen District, 國立中央大學校內",Open 24 hours,,,Evaluation of the Motorcycle Parking Lot at National Central University (Next to the Dali Building) …
141,Motorcycle Parking,GoStation 中央大學站,GoStation Zhong Yang Da Xue Zhan,24.9653315,121.1911026,amenity,Electric vehicle charging station,5.0,50,"No. 185號, Zhongyang Rd, Shuanglian Village, Pingzhen District, Taoyuan City, Taiwan 324",Open 24 hours,,,"Gogoro Battery Swapping Station (Back Gate of National Central University, Chung-Ang Road) …"
142,Motorcycle Parking,中央大學宵夜街停車場,Zhong Yang Da Xue Xiao Ye Jie Ting Che Chang,24.9672096,121.1965625,amenity,Parking lot,4.2,42,"320, Taiwan, Taoyuan City, Zhongli District, 五興路370巷",Open 24 hours,,,
143,Motorcycle Parking,Twin Guest Room-Amenity-Pool level view-Fully Furnished-Free Netflix-Wifi-Mall of Asia Complex-Shore,Twin Guest Room-Amenity-Pool level view-Fully Furnished-Free Netflix-Wifi-Mall of Asia Complex-Shore,24.9695724,121.19642,amenity,,,,"Pasay City, Metro Manila, Philippines",,,,
144,Motorcycle Parking,國立中央大學機車停車場(大力館旁),Guo Li Zhong Yang Da Xue Ji Che Ting Che Chang (Da Li Guan Pang ),24.9711334,121.1902434,amenity,Parking lot for motorcycles,4.3,43,"324, Taiwan, Taoyuan City, Pingzhen District, 國立中央大學校內",Open 24 hours,,,Evaluation of the Motorcycle Parking Lot at National Central University (Next to the Dali Building) …
145,Motorcycle Parking,中央大學宵夜街停車場,Zhong Yang Da Xue Xiao Ye Jie Ting Che Chang,24.9684711,121.1956723,amenity,Parking lot,4.2,42,"320, Taiwan, Taoyuan City, Zhongli District, 五興路370巷",Open 24 hours,,,
146,Nan 13She,,Nan 13She,24.9665716,121.1964019,residential,,,,,,,,
147,Nan Jiu She,Nan Jiu She Parking,Nan Jiu She Parking,24.9704778,121.195653,residential,Parking lot,,,"No. 300號, Zhongda Rd, Wuquan Village, Zhongli District, Taoyuan City, Taiwan 320",Open 24 hours,,,
148,Nan Liu She,,Nan Liu She,24.965888,121.1957504,residential,,,,,,,,
149,Nan Qi She,,Nan Qi She,24.965587,121.1954535,residential,,,,,,,,
150,Nan San She,,Nan San She,24.9656173,121.1933568,residential,,,,,,,,
151,Nan Shi Er She,Klenteng Nan Shi Zhu,Klenteng Nan Shi Zhu,24.9712763,121.1948919,residential,Religious destination,4.4,44,"F52P+MX2, Atas Island, Sambutan, Samarinda City, East Kalimantan 75251",,,,
152,Nan Shi Yi She,Klenteng Nan Shi Zhu,Klenteng Nan Shi Zhu,24.9656697,121.1949258,residential,Religious destination,4.4,44,"F52P+MX2, Atas Island, Sambutan, Samarinda City, East Kalimantan 75251",,,,
153,Nan Wu She,,Nan Wu She,24.9660966,121.1951899,residential,,,,,,,,
154,National Central University Library,National Central University Library,National Central University Library,24.968128,121.194666,amenity,University library,4.5,45,"No. 300號, Zhongda Rd, Wuquan Village, Zhongli District, Taoyuan City, Taiwan 32001",Open · Closes 6.00 pm,,,The library has a great selection of books and it's a really interesting place to explore!
155,National Central University Post Office,National Central University Post Office,National Central University Post Office,24.9657289,121.1945746,amenity,Post office,3.8,38,"320, Taiwan, Taoyuan City, Zhongli District, Wuquan Village, Zhongda Rd, 300號(中央大學女14舍1樓) Female Dormitory 14",Open · Closes 5.00 pm,,,The clerk speaks english sometimes and they will understand if we speak in english. We can go to ATM 24hr and also print our current status of our deposit book in this bank
156,Nei Qia Xiao Guan,來客,Lai Ke,24.9643271,121.1931162,food_and_dining,Bistro,4.6,46,"No. 28-2號, Lane 331, Wuxing Rd, Wuquan Village, Zhongli District, Taoyuan City, Taiwan 320",Open · Closes 2.00 pm · Reopens 5.00 pm,, Dine-in  Takeaway,"You can refill your food except for the meat. This is amazing. Plus, the food tastes OK. Warmly recommend."
157,No.17,No.17 White House,No.17 White House,24.9644864,121.191508,food_and_dining,Restaurant,4.5,45,"No. 21號, Lane 216, Zhongyang Rd, Wuquan Village, Zhongli District, Taoyuan City, Taiwan 320",Closes soon · 1.30 pm · Reopens 5.00 pm,, Dine-in  Takeaway  Delivery,"I ordered spicy creamy chicken. The taste is weird, can’t tell what it tastes like.. …"
158,Nu Er She,,Nu Er She,24.9664044,121.1917557,residential,,,,,,,,
159,Nu San She,,Nu San She,24.9662748,121.1923654,residential,,,,,,,,
160,Nu Shi Si She,,Nu Shi Si She,24.9655148,121.1943499,residential,,,,,,,,
161,Nu Si She,,Nu Si She,24.9661924,121.1917509,residential,,,,,,,,
162,Nu Yi She,,Nu Yi She,24.9664028,121.1923828,residential,,,,,,,,
163,OK mart,,OK mart,24.9653262,121.1936348,shop,,,,,,,,
164,"Office of Physical Education, NCU","YouBike Office of Physical Education, NCU","YouBike Office of Physical Education, NCU",24.967119,121.190958,amenity,Bicycle rental service,4.2,42,"320, Taiwan, Taoyuan City, Pingzhen District, Shuanglian Village, Zhongda Rd, 300號松苑餐廳前方廣場",Open 24 hours,,,Free of charge for first 30 minutes. Nice...
165,Ou Mu Lai Si,廚窗 Kitchen Bliss,Chu Chuang Kitchen Bliss,24.9642892,121.1907476,food_and_dining,Restaurant,4.3,43,"No. 157號, Zhongyang Rd, Shuanglian Village, Pingzhen District, Taoyuan City, Taiwan 324",Closes soon · 1.30 pm · Reopens 5.00 pm,, Dine-in  Takeaway  Delivery,"Very cosy restaurant serving taste dishes, especially teriyaki chicken.
Staff speaks English and English menu is available."
166,Pai Qiu Chang,,Pai Qiu Chang,24.9676044,121.1907323,leisure,,,,,,,,
167,Pai Qiu Chang,,Pai Qiu Chang,24.9694645,121.1889212,leisure,,,,,,,,
168,Parking,月租停車,Yue Zu Ting Che,24.9646314,121.1906375,transport,Tsukigime parking lot,,,"Wuquan Village, Zhongli District, Taoyuan City, Taiwan 320",,,,
169,Parking,Parking lot,Parking lot,24.9702548,121.1949661,transport,"Zhongli District, Taoyuan City, Taiwan 320",,,,,,,
170,Parking,,Parking,24.9666602,121.192301,transport,,,,,,,,
171,Parking,Parking lot,Parking lot,24.9668749,121.1956537,transport,"Zhongli District, Taoyuan City, Taiwan 320",,,,,,,
172,Parking,國立中央大學外送點位11健雄館,Guo Li Zhong Yang Da Xue Wai Song Dian Wei 11Jian Xiong Guan,24.9710246,121.1929142,transport,Parking lot,5.0,50,"No. 300號, Zhongda Rd, Wuquan Village, Zhongli District, Taoyuan City, Taiwan 320",,,,The delivery of bento boxes only goes to the first floor entrance.
173,Parking,,Parking,24.9704517,121.1923958,transport,,,,,,,,
174,Parking,CITYPARKINGchengshichelutingchechangzhongyangdaxue Station,CITYPARKINGchengshichelutingchechangzhongyangdaxue Station,24.9659778,121.1933501,transport,Parking lot,1.0,10,"No. 300號, Zhongda Rd, Wuquan Village, Zhongli District, Taoyuan City, Taiwan 320",Open 24 hours,,,"The payment machines seem to frequently lose connection. They can't find my license plate number, so when I got to the school gate, the security guard called customer service. Customer service said th"
175,Qi Dong Mian Bao Dian,,Qi Dong Mian Bao Dian,24.9605045,121.1900062,shop,,,,,,,,
176,Qian Zhan Ke Ji Yan Jiu Zhong Xin,Network Learning Technology,Network Learning Technology,24.9665361,121.1875852,education,Graduate school,4.7,47,"320, Taiwan, Taoyuan City, Pingzhen District, Wuquan Village, 中大路300號",Open · Closes 6.00 pm,,,Professor hwangs lab
177,Qiao Hui Su Shi,來客,Lai Ke,24.9653677,121.1936642,food_and_dining,Bistro,4.6,46,"No. 28-2號, Lane 331, Wuxing Rd, Wuquan Village, Zhongli District, Taoyuan City, Taiwan 320",Open · Closes 2.00 pm · Reopens 5.00 pm,, Dine-in  Takeaway,"You can refill your food except for the meat. This is amazing. Plus, the food tastes OK. Warmly recommend."
178,Qing He Tang Zong Ci,QING TCM CLINIC,QING TCM CLINIC,24.963851,121.1972296,building,Medical clinic,5.0,50,"1 Scotts Rd, #17-01 Shaw Centre, Singapore 228208",Open · Closes 5.30 pm,,,"I visited this TCM doctor Kong Teck Chuan for chronic stomach issues, and the experience was very positive. The doctor was kind, attentive, and really listened instead of rushing through the consultat"
179,Qing Xin Fu Quan Leng Yin Zhan,,Qing Xin Fu Quan Leng Yin Zhan,24.9651293,121.1908908,shop,,,,,,,,
180,Re Lang Dao Nan Yang Shu Shi Cha Tang,廚窗 Kitchen Bliss,Chu Chuang Kitchen Bliss,24.9637943,121.1917052,food_and_dining,Restaurant,4.3,43,"No. 157號, Zhongyang Rd, Shuanglian Village, Pingzhen District, Taoyuan City, Taiwan 324",Closes soon · 1.30 pm · Reopens 5.00 pm,, Dine-in  Takeaway  Delivery,"Very cosy restaurant serving taste dishes, especially teriyaki chicken.
Staff speaks English and English menu is available."
181,Ren Wen She Hui Ke Xue Da Lou,秉文堂( Ping-Wen Hall),Bing Wen Tang ( Ping-Wen Hall),24.9693271,121.1951918,education,General education school,,,"號, No. 300, Zhongda Rd, Wuquan Village, Zhongli District, Taoyuan City, Taiwan 320",Open · Closes 5.00 pm,,,
182,Rui Lin Mei Er Mei,來客,Lai Ke,24.9645816,121.1934176,food_and_dining,Bistro,4.6,46,"No. 28-2號, Lane 331, Wuxing Rd, Wuquan Village, Zhongli District, Taoyuan City, Taiwan 320",Open · Closes 2.00 pm · Reopens 5.00 pm,, Dine-in  Takeaway,"You can refill your food except for the meat. This is amazing. Plus, the food tastes OK. Warmly recommend."
183,Sha Shi Fu Tang Bao,來客,Lai Ke,24.9646998,121.1933577,food_and_dining,Bistro,4.6,46,"No. 28-2號, Lane 331, Wuxing Rd, Wuquan Village, Zhongli District, Taoyuan City, Taiwan 320",Open · Closes 2.00 pm · Reopens 5.00 pm,, Dine-in  Takeaway,"You can refill your food except for the meat. This is amazing. Plus, the food tastes OK. Warmly recommend."
184,Shan Ding Dong Ren,Mountaintop Dongren,Mountaintop Dongren,24.9650501,121.1936381,food_and_dining,Chinese restaurant,,,"FJ7P+JRC, Lanzhou Rd, Dongying District, Dongying, Shandong, China, 257096",,,,
185,Shao Bing Yao,,Shao Bing Yao,24.9643393,121.1931987,shop,,,,,,,,
186,Shi Nei You Yong Chi,,Shi Nei You Yong Chi,24.9700759,121.1895545,leisure,,,,,,,,
187,Shi Xi Yi Chang,,Shi Xi Yi Chang,24.9680011,121.1892323,education,,,,,,,,
188,Shou Ning Meng Shi Si,廚窗 Kitchen Bliss,Chu Chuang Kitchen Bliss,24.9644392,121.1908222,food_and_dining,Restaurant,4.3,43,"No. 157號, Zhongyang Rd, Shuanglian Village, Pingzhen District, Taoyuan City, Taiwan 324",Closes soon · 1.30 pm · Reopens 5.00 pm,, Dine-in  Takeaway  Delivery,"Very cosy restaurant serving taste dishes, especially teriyaki chicken.
Staff speaks English and English menu is available."
189,Shuang Bao Ba Liang Mian,來客,Lai Ke,24.9642629,121.1930689,food_and_dining,Bistro,4.6,46,"No. 28-2號, Lane 331, Wuxing Rd, Wuquan Village, Zhongli District, Taoyuan City, Taiwan 320",Open · Closes 2.00 pm · Reopens 5.00 pm,, Dine-in  Takeaway,"You can refill your food except for the meat. This is amazing. Plus, the food tastes OK. Warmly recommend."
190,Shuang Lian Gong Yuan,,Shuang Lian Gong Yuan,24.9598182,121.1828092,leisure,,,,,,,,
191,Shuang Lian Gong Yuan,,Shuang Lian Gong Yuan,24.9597761,121.1827815,leisure,,,,,,,,
192,Shuang Long Long Yu Qian Gong,Shuangqian Apartment,Shuangqian Apartment,24.9673381,121.1812322,amenity,"China, Shanghai, Huangpu, 瑞金宾馆区 邮政编码: 200023",,,,,,,
193,Shui Yue Zhuang Yuan,水悅莊園,Shui Yue Zhuang Yuan,24.9731279,121.1917167,food_and_dining,Chinese restaurant,4.3,43,"32051, Taiwan, Taoyuan City, Zhongli District, Sanmin Village, 大享街218號",Closes soon · 2.00 pm · Reopens 5.00 pm,,Ritzy banquet hall dishing up traditional Chinese cuisine in airy event rooms with chandeliers.  Dine-in  Takeaway  Delivery,This place is an event hall. Where you can hold a large group of people and throw your event within Taoyuan. There’s no easy transportation through and flow. It will make it hard for those who don’t h
194,Shun Tian Li Hu Guo Gong,,Shun Tian Li Hu Guo Gong,24.9631505,121.1945068,amenity,,,,,,,,
195,Sidewalk,Sidewalk人行道蔬食,SidewalkRen Xing Dao Shu Shi,24.9643943,121.192384,food_and_dining,Vegetarian restaurant,4.2,42,"No. 39號, Lane 216, Zhongyang Rd, Wuquan Village, Zhongli District, Taoyuan City, Taiwan 320",Open · Closes 2.30 pm · Reopens 4.30 pm,, Dine-in  Takeaway  Delivery,"The food is unlike traditional dishes quite flavorful: the dumplings tasty and tofu melt in my mouth. The truffle rice had an overpowering truffle taste, however. Parking is available if the restauran"
196,Song Guo Guan (Yu Cheng Zhong Xin ),,Song Guo Guan (Yu Cheng Zhong Xin ),24.9667635,121.1908141,residential,,,,,,,,
197,Song Yuan Can Ting,LALA Kitchen,LALA Kitchen,24.9670698,121.190635,food_and_dining,New American restaurant,4.0,40,"320, Taiwan, Taoyuan City, Pingzhen District, 中央大學松苑餐廳2樓",Open · Closes 9.00 pm,, Dine-in  Takeaway  Delivery,"If you enjoy waiting 30 minutes for a hot latte and a full hour for your food, congratulations — you've found your happy place. Patience isn't just a virtue here, it's a requirement."
198,Song Yuan Can Ting,,Song Yuan Can Ting,24.9670778,121.1906948,education,,,,,,,,
199,Su She Fu Wu Zhong Xin,Suzhou Wujiang District Society Dispute Mediation Service Center,Suzhou Wujiang District Society Dispute Mediation Service Center,24.9661082,121.1945222,office,"China, Shanghai, Pudong, 里德辅 邮政编码: 200120",,,,,,,
200,Sui Yuan Can Ting,No.17 White House,No.17 White House,24.9649534,121.1910384,food_and_dining,Restaurant,4.5,45,"No. 21號, Lane 216, Zhongyang Rd, Wuquan Village, Zhongli District, Taoyuan City, Taiwan 320",Closes soon · 1.30 pm · Reopens 5.00 pm,, Dine-in  Takeaway  Delivery,"I ordered spicy creamy chicken. The taste is weird, can’t tell what it tastes like.. …"
201,Tai Ji Tong Diao,蘊‧行,Yun .Xing,24.969305,121.1936538,tourism,Tourist attraction,5.0,50,"Zhongda Rd, Wuquan Village, Zhongli District, Taoyuan City, Taiwan 320",Open 24 hours,,,Is it electric or not?
202,Tai Kong Ji Yao Ce Yan Jiu Zhong Xin,Network Learning Technology,Network Learning Technology,24.9678399,121.187321,education,Graduate school,4.7,47,"320, Taiwan, Taoyuan City, Pingzhen District, Wuquan Village, 中大路300號",Open · Closes 6.00 pm,,,Professor hwangs lab
203,Tai Zu You Yu Geng,來客,Lai Ke,24.9642216,121.193044,food_and_dining,Bistro,4.6,46,"No. 28-2號, Lane 331, Wuxing Rd, Wuquan Village, Zhongli District, Taoyuan City, Taiwan 320",Closes soon · 2.00 pm · Reopens 5.00 pm,, Dine-in  Takeaway,"You can refill your food except for the meat. This is amazing. Plus, the food tastes OK. Warmly recommend."
204,Tao Ke Lu Wei,Wei Lai,Wei Lai,24.9651912,121.1935423,food_and_dining,Chinese restaurant,4.9,49,"Ruko London Park, Wisata Bukit Mas Blk. A2 No.08, Lidah Wetan, Kec. Wiyung, Surabaya, Jawa Timur 60213",Open · Closes 9.00 pm,,,Just tried this restaurant and TBH the food is super good and the fish is fresh! Will come back for another time with family members!
205,Tao Yuan Shi Si Li Ai Bi You Er Yuan,,Tao Yuan Shi Si Li Ai Bi You Er Yuan,24.9678954,121.2013934,education,,,,,,,,
206,Tao Yuan Shi Zhao Hui Shi Hui Suo,,Tao Yuan Shi Zhao Hui Shi Hui Suo,24.9634799,121.1911117,amenity,,,,,,,,
207,Temple (1309326946),,Temple (1309326946),24.9644194,121.19421,building,,,,,,,,
208,Ti Yu Qi Cai Shi,,Ti Yu Qi Cai Shi,24.9693496,121.1905357,building,,,,,,,,
209,Tian Wen Yan Jiu Suo,,Tian Wen Yan Jiu Suo,24.9713768,121.1918266,office,,,,,,,,
210,Tian Yuan Mei Shi Wu,Tiancao Academy of Fine Arts Online Atelier Ziwulu Branch,Tiancao Academy of Fine Arts Online Atelier Ziwulu Branch,24.9644604,121.1916545,food_and_dining,"China, Zhejiang, Hangzhou, Shangcheng District, 高新文教区 邮政编码: 310006",,,,,,,
211,Ticket Toast Ti Qi Re Ya Tu Si,來客,Lai Ke,24.9647755,121.1935361,food_and_dining,Bistro,4.6,46,"No. 28-2號, Lane 331, Wuxing Rd, Wuquan Village, Zhongli District, Taoyuan City, Taiwan 320",Closes soon · 2.00 pm · Reopens 5.00 pm,, Dine-in  Takeaway,"You can refill your food except for the meat. This is amazing. Plus, the food tastes OK. Warmly recommend."
212,Tong Xun Xi,Changxiang Communication,Changxiang Communication,24.9673851,121.1916966,education,"China, Fujian, Fuzhou, Cangshan District, 茶亭 邮政编码: 350028",,,,,,,
213,Tu Mu Pin Bao Zhong Xin,,Tu Mu Pin Bao Zhong Xin,24.9691949,121.188617,education,,,,,,,,
214,Tu Mu Xi Guan &Hua Cai Xi Guan,POPO的秘密基地,POPODe Mi Mi Ji Di,24.9674864,121.1926876,education,Education center,5.0,50,"320, Taiwan, Taoyuan City, Zhongli District, Wuquan Village, Zhongda Rd, 300號, Engineering Building 1, E235室",,,,The location of a group of teachers' darlings
215,University (268841452),POPO的秘密基地,POPODe Mi Mi Ji Di,24.9673482,121.1926764,education,Education center,5.0,50,"320, Taiwan, Taoyuan City, Zhongli District, Wuquan Village, Zhongda Rd, 300號, Engineering Building 1, E235室",,,,The location of a group of teachers' darlings
216,University (268845987),秉文堂( Ping-Wen Hall),Bing Wen Tang ( Ping-Wen Hall),24.9691001,121.1945582,education,General education school,,,"號, No. 300, Zhongda Rd, Wuquan Village, Zhongli District, Taoyuan City, Taiwan 320",Open · Closes 5.00 pm,,,
217,University (268846333),General Education Building,General Education Building,24.9708858,121.1922458,education,Academic department,3.8,38,"No. 300, Zhongda Rd, Wuquan Village, Zhongli District, Taoyuan City, Taiwan 320",Open · Closes 5.00 pm,,,I come here to learn mandarin..
218,Wang Qiu Chang,,Wang Qiu Chang,24.9694333,121.1895438,leisure,,,,,,,,
219,Wang Qiu Chang,,Wang Qiu Chang,24.9694338,121.190108,leisure,,,,,,,,
220,Wei Ke Zao Can Dian,Weiji Breakfast Restaurant,Weiji Breakfast Restaurant,24.964046,121.1905677,food_and_dining,Restaurant,1.0,10,"China, Guangdong Province, Guangzhou, Zengcheng District, 中花路 邮政编码: 511365",,, Dine-in  Takeaway,It is no longer in operation.
221,Wei Xiao Zhuan Jiao,來客,Lai Ke,24.96483,121.193637,food_and_dining,Bistro,4.6,46,"No. 28-2號, Lane 331, Wuxing Rd, Wuquan Village, Zhongli District, Taoyuan City, Taiwan 320",Closes soon · 2.00 pm · Reopens 5.00 pm,, Dine-in  Takeaway,"You can refill your food except for the meat. This is amazing. Plus, the food tastes OK. Warmly recommend."
222,Wen Xue Er Guan,秉文堂( Ping-Wen Hall),Bing Wen Tang ( Ping-Wen Hall),24.9688741,121.1945477,education,General education school,,,"號, No. 300, Zhongda Rd, Wuquan Village, Zhongli District, Taoyuan City, Taiwan 320",Open · Closes 5.00 pm,,,
223,Wen Xue Yi Guan,秉文堂( Ping-Wen Hall),Bing Wen Tang ( Ping-Wen Hall),24.9693624,121.1945571,education,General education school,,,"號, No. 300, Zhongda Rd, Wuquan Village, Zhongli District, Taoyuan City, Taiwan 320",Open · Closes 5.00 pm,,,
224,Wo Jia Bian Li Shang Dian,Aishang My Home Convenience Store,Aishang My Home Convenience Store,24.9650656,121.1910106,shop,Convenience store,,,"270-3 Yin Hu Xi Li, 270, Tongan, Xiamen, Fujian, China, 361106",,,,
225,Wu Di Dan Bing,來客,Lai Ke,24.9654311,121.1935356,food_and_dining,Bistro,4.6,46,"No. 28-2號, Lane 331, Wuxing Rd, Wuquan Village, Zhongli District, Taoyuan City, Taiwan 320",Closes soon · 2.00 pm · Reopens 5.00 pm,, Dine-in  Takeaway,"You can refill your food except for the meat. This is amazing. Plus, the food tastes OK. Warmly recommend."
226,Xi Wang Ju,Xiwangju,Xiwangju,24.9709576,121.1943047,residential,,,,,,,,
227,Xia Ke Nai Cha,Di Xia Tie Milk-tea Shop,Di Xia Tie Milk-tea Shop,24.9650597,121.1935441,food_and_dining,Dessert shop,,,"277 Hejia Rd, Lusong District, Zhuzhou, Hunan, China, 412007",,, Takeaway  Delivery,
228,Xian Chun Fang,廚窗 Kitchen Bliss,Chu Chuang Kitchen Bliss,24.9654771,121.1909949,food_and_dining,Restaurant,4.3,43,"No. 157號, Zhongyang Rd, Shuanglian Village, Pingzhen District, Taoyuan City, Taiwan 324",Closes soon · 1.30 pm · Reopens 5.00 pm,, Dine-in  Takeaway  Delivery,"Very cosy restaurant serving taste dishes, especially teriyaki chicken.
Staff speaks English and English menu is available."
229,Xiang Cheng Shao La,Chengxiangshaola Restaurant,Chengxiangshaola Restaurant,24.9648861,121.1935238,food_and_dining,Restaurant,,,"453 Dongchang Rd, Lujiazui, Pudong, Shanghai, China, 200120",,, Dine-in  Takeaway,
230,Xiang Jian Xiao Pu,Putian City Construction Project Work Team,Putian City Construction Project Work Team,24.9641514,121.1931113,food_and_dining,Government office,,,"C2HH+V48, Yanshou Middle St, Licheng District, Putian, Putian, Fujian, China, 351199",,,,
231,Xiang Mi Bian Dang,Shizai Mimixiang Bento,Shizai Mimixiang Bento,24.9701721,121.1955007,food_and_dining,Restaurant,,,"154 Shanghai S St, Luqiao District, Taizhou, Zhejiang, China, 318050",,, Takeaway  Delivery,
232,Xiang Mi Zi Zhu Can,Impression Minguo Mizhi Menguo Theme Restaurant,Impression Minguo Mizhi Menguo Theme Restaurant,24.9640521,121.1907084,food_and_dining,Restaurant,5.0,50,"6QJ7+GPH, Changchong St, Luhe District, Nanjing, Jiangsu, China, 211548",Temporarily closed,,,The stewed pot here is very good and suitable for three or four people at a table.
233,Xiang Tian Yuan,Tin Yuen Xiang,Tin Yuen Xiang,24.9654007,121.193671,food_and_dining,Health food store,4.3,43,"Sze Bo Building, 59-65 Hennessy Rd, Wan Chai, Hong Kong",Open · Closes 9.00 pm,, In-store shopping  In-store pick-up  Delivery,TVB News is distorting the facts and betraying the people of Hong Kong! I understand that your company may have already signed a contract for this year and cannot immediately withdraw the advertisemen
234,Xiao Chang Su She,,Xiao Chang Su She,24.969395,121.1957942,residential,,,,,,,,
235,Xiao E Mo,Xiaoemo,Xiaoemo,24.9651403,121.1936391,shop,Chinese restaurant,,,"40 Quanxiu St, Fengze District, Quanzhou, Fujian, China, 362029",,,,
236,Xiao Hong Niu,來客,Lai Ke,24.9641557,121.1929501,food_and_dining,Bistro,4.6,46,"No. 28-2號, Lane 331, Wuxing Rd, Wuquan Village, Zhongli District, Taoyuan City, Taiwan 320",Closes soon · 2.00 pm · Reopens 5.00 pm,, Dine-in  Takeaway,"You can refill your food except for the meat. This is amazing. Plus, the food tastes OK. Warmly recommend."
237,Xiao Mu Wu Song Bing,Shine Mood National Central University,Shine Mood National Central University,24.9699622,121.1934112,food_and_dining,Pancake restaurant,4.3,43,"Zhi-xi Hall, No. 300號, Zhongda Rd, Wuquan Village, Zhongli District, Taoyuan City, Taiwan 320",,Closes soon · 1.30 pm · Reopens 2.30 pm · See more hours,,"Shine mood have new store, also have cozy indoor area. My fav is chocolate waffles and milk tea. Remember that the queue is very long while weekend, especially in the afternoon."
238,Xiao Ye Wu Zi Zhu Can,來客,Lai Ke,24.9653819,121.1936648,food_and_dining,Bistro,4.6,46,"No. 28-2號, Lane 331, Wuxing Rd, Wuquan Village, Zhongli District, Taoyuan City, Taiwan 320",Closes soon · 2.00 pm · Reopens 5.00 pm,, Dine-in  Takeaway,"You can refill your food except for the meat. This is amazing. Plus, the food tastes OK. Warmly recommend."
239,Xiao Zhu Lu Wei,XIAO ZHU KITCHEN,XIAO ZHU KITCHEN,24.9647798,121.1935771,food_and_dining,Chinese restaurant,4.8,48,"Ruko Pecinan Square, Jl. Pasar Besar No.142, Sukoharjo, Kec. Klojen, Kota Malang, Jawa Timur 65118",Open · Closes 7.30 pm,, Dine-in  Drive-through  Delivery,"This kitchen is located in the same area as Lotus Reflexology. It has a small kitchen with limited seating on its terrace. It was hot and sunny when I visited, so I'd recommend going in the evening. …"
240,Xin Tao Fang,New TAO Fang Hall,New TAO Fang Hall,24.96923,121.1992968,food_and_dining,Hakka restaurant,3.9,39,"No. 19-5號, Lane 170, Zhongda Rd, Wuquan Village, Zhongli District, Taoyuan City, Taiwan 320",Closes soon · 2.00 pm · Reopens 5.00 pm,,"Spacious, contemporary restaurant offering Hakka dishes including seafood stews & braised pork.  Dine-in  Takeaway  Delivery","Terrible dining experience.

Ordered a chicken dish and it arrived missing both drumsticks. We raised this …"
241,Xing Fu Chu Fang,Xing Fu Tang Pakuwon City Mall,Xing Fu Tang Pakuwon City Mall,24.9641778,121.1931393,food_and_dining,Bubble tea store,5.0,50,"Jl. Raya Laguna KJW Putih Tambak No.2 lantai K2.28, Kejawaan Putih Tamba, Kec. Mulyorejo, Surabaya, Jawa Timur 60112",Open · Closes 10.00 pm,, Dine-in  Takeaway,Hands down the best boba in this town (so far). Definitely will recommend this place to everyone!
242,Xing Fu Xiao Guan,Happiness Rest. Private Kitchens,Happiness Rest. Private Kitchens,24.9649518,121.1908049,food_and_dining,Chinese restaurant,,,"China, CN 福建省 福州市 平潭县 盛林庄 206 206号外冷D1栋 邮政编码: 350499",,,,
243,Xing Zheng Da Lou,ZHENG DA - Chicken Steak Binus Rawa Belong,ZHENG DA - Chicken Steak Binus Rawa Belong,24.9682777,121.1950533,education,Restaurant,4.8,48,"Jl. Rw. Belong Jeruk No.9-A 1, RT.1/RW.9, Kemanggisan, Kec. Kb. Jeruk, Kota Jakarta Barat, Daerah Khusus Ibukota Jakarta 11530",Open · Closes 10.00 pm,, Dine-in  Takeaway,Have tried twice for Zheng Da’s Signature Big (XXL) Crispy Chicken: Five Spices and Mala. I recommend the Mala one since it is more flavorful than Five Spices. …
244,Xue Sheng Hui,National Central University Post Office,National Central University Post Office,24.965671,121.1938158,office,Post office,3.8,38,"320, Taiwan, Taoyuan City, Zhongli District, Wuquan Village, Zhongda Rd, 300號(中央大學女14舍1樓) Female Dormitory 14",Open · Closes 5.00 pm,,,The clerk speaks english sometimes and they will understand if we speak in english. We can go to ATM 24hr and also print our current status of our deposit book in this bank
245,Yi Pin Guo,來客,Lai Ke,24.965465,121.1936786,food_and_dining,Bistro,4.6,46,"No. 28-2號, Lane 331, Wuxing Rd, Wuquan Village, Zhongli District, Taoyuan City, Taiwan 320",Closes soon · 2.00 pm · Reopens 5.00 pm,, Dine-in  Takeaway,"You can refill your food except for the meat. This is amazing. Plus, the food tastes OK. Warmly recommend."
246,Yi Ren Tang,National Central University Yi Ren Tang,National Central University Yi Ren Tang,24.9683424,121.1907771,education,Bus stop,3.3,33,"Pingzhen District, Taoyuan City, Taiwan 324",,,,"The Yiren Hall at National Central University is a crucial stop on the campus. For all sports on campus, getting off at this stop provides easy access to the badminton hall, volleyball court, baseball"
247,Yi Yi Yuan,來客,Lai Ke,24.965017,121.1935452,food_and_dining,Bistro,4.6,46,"No. 28-2號, Lane 331, Wuxing Rd, Wuquan Village, Zhongli District, Taoyuan City, Taiwan 320",Closes soon · 2.00 pm · Reopens 5.00 pm,, Dine-in  Takeaway,"You can refill your food except for the meat. This is amazing. Plus, the food tastes OK. Warmly recommend."
248,Yin He Chao Fan,Guai Shou Xiao Ba Fried Rice (Wuzhou Yinhecheng Store),Guai Shou Xiao Ba Fried Rice (Wuzhou Yinhecheng Store),24.9652441,121.1936509,food_and_dining,Fast food restaurant,,,"China, CN 江苏省 无锡市 梁溪区 广益路 301 301号C栋1019号 邮政编码: 214011",,, Dine-in  Takeaway,
249,You Yi Guan,Youyi Pass,Youyi Pass,24.9662962,121.195962,education,Mountain peak,4.0,40,"Pingxiang, Chongzuo, China",,It taks us 4 hours waiting here.,,A border gate to go back and forth between Vietnam 🇻🇳 and China by walking pathways. Note that waiting for Chinese immigration often takes very long time so just be patient and ready for it. …
250,Yu Qiu Guan,,Yu Qiu Guan,24.9691147,121.1908354,leisure,,,,,,,,
251,Yuan Hu Tu Di Gong Miao,榜鵝土地公庙 Punggol Tu Di Gong Temple,Bang E Tu Di Gong Miao Punggol Tu Di Gong Temple,24.9630809,121.1904175,amenity,Taoist temple,5.0,50,"10 Northshore Dr, Singapore 829974",Open · Closes 7.00 pm,,,Very good service. Not close to city so when praying or meditating not to noisy and can calm yourself down. Very affordable praying equipment such as three sticks of big incense is $1 and a stack of J
252,Zao An Mei Zhi Cheng Zhong Li Huo Li Zhong Yang,來客,Lai Ke,24.9644479,121.1932818,food_and_dining,Bistro,4.6,46,"No. 28-2號, Lane 331, Wuxing Rd, Wuquan Village, Zhongli District, Taoyuan City, Taiwan 320",Closes soon · 2.00 pm · Reopens 5.00 pm,, Dine-in  Takeaway,"You can refill your food except for the meat. This is amazing. Plus, the food tastes OK. Warmly recommend."
253,Zhen Gong Fu Cong Zhua Bing,Tian Jin Onion Pancake,Tian Jin Onion Pancake,24.9649057,121.1932544,food_and_dining,Hawker stall,3.6,36,"No. 1號, Lane 6, Yongkang St, Yongkang Village, Da’an District, Taipei City, Taiwan 106",Open · Closes 10.00 pm,, Takeaway  Dine-in  Delivery,"Tianjin Scallion Pancake is a small street stall tucked away in Yongkang Street, and it keeps things simple by selling only scallion pancakes. There are eight topping combinations to choose from, and "
254,Zhi Dao Lou,Zhi Daolou,Zhi Daolou,24.9656431,121.1938321,education,Apartment building,,,"HC25+65X, Baodi District, Tianjin, China, 301811",,,,
255,Zhi Xi Guan,Xiguan Yuanzhi Original Beef Offal Noodles No.2,Xiguan Yuanzhi Original Beef Offal Noodles No.2,24.9702273,121.193658,education,Fast food restaurant,5.0,50,"668 Fufeng St, 668, Wucheng District, Jinhua, Zhejiang, China, 321019",,, Dine-in  Takeaway,Go to MeiMeiQiu's favorite beef offal shop!
256,Zhong Da Guo Min Yun Dong Zhong Xin,Zhongda Changwang Fabric and Accessories Trading Plaza,Zhongda Changwang Fabric and Accessories Trading Plaza,24.969721,121.189849,leisure,Fabric store,4.6,46,"168 Ruikang Rd, Haizhu District, Guangzhou, Guangdong Province, China, 510260",,,,Zhongda Fabric market is very big and has a lot of different fabrics to choose. You will be get lost if you don’t know what you looking for first.  A lot of people around the world come here to get a 
257,Zhong Da Hui Guan,,Zhong Da Hui Guan,24.9708064,121.1949658,tourism,,,,,,,,
258,Zhong Da Xi Yi Bu,7-ELEVEN 中大松果門市,7-ELEVEN Zhong Da Song Guo Men Shi,24.9657435,121.1951219,shop,Convenience store,4.6,46,"Pine Cone Restaurant, No. 300號, Zhongda Rd, Wuquan Village, Zhongli District, Taoyuan City, Taiwan 320",Open · Closes 1.00 am,,,"The 7-Eleven Central University Pinecone Store, located within National Central University, is a convenient stop relied upon by students and nearby residents in their daily lives. It boasts a good var"
259,Zhong Da You Zhi Yuan,秉文堂( Ping-Wen Hall),Bing Wen Tang ( Ping-Wen Hall),24.9660114,121.1919613,education,General education school,,,"號, No. 300, Zhongda Rd, Wuquan Village, Zhongli District, Taoyuan City, Taiwan 320",Open · Closes 5.00 pm,,,
260,Zhong Da Yun Ding,China Overseas Yunding Daguan South Gate (Pedestrian Gate),China Overseas Yunding Daguan South Gate (Pedestrian Gate),24.9716396,121.1901036,residential,"China, Jiangsu, Suzhou, Wuzhong District, 盘门 邮政编码: 215009",,,,,,,
261,Zhong Li Guan Ce Zhan,,Zhong Li Guan Ce Zhan,24.967879,121.185107,office,,,,,,,,
262,Zhong Li Zheng Xin Ming Niu Rou Mian,正宗新明老牌牛肉麵,Zheng Zong Xin Ming Lao Pai Niu Rou Mian,24.9650117,121.1910015,food_and_dining,Chinese noodle restaurant,3.8,38,"No. 65號, Minquan Rd, Jiuming Village, Zhongli District, Taoyuan City, Taiwan 320",Open · Closes 11.00 pm,, Dine-in  Takeaway  Delivery,Old school style noodles. We like it 🤓 …
263,Zhong Yang Bo De MBA,Research Center Building 1,Research Center Building 1,24.9673116,121.1828007,building,"Shuanglian Village, Pingzhen District, Taoyuan City, Taiwan 324",,,,,,,
264,Zhong Yang Da Xue You Ju iYou Xiang,National Central University,National Central University,24.965654,121.194611,amenity,Public university,4.5,45,"No. 300, Zhongda Rd, Shuanglian Village, Zhongli District, Taoyuan City, Taiwan 320",Open · Closes 5.00 pm,,,"A public university in Zhongli district, Taoyuan city, Taiwan.
It's quite peaceful and quiet here, since it's located quite far from entertainment distraction, so you can study well 😂 …"
265,Zhou Wang,來客,Lai Ke,24.9652355,121.1936332,food_and_dining,Bistro,4.6,46,"No. 28-2號, Lane 331, Wuxing Rd, Wuquan Village, Zhongli District, Taoyuan City, Taiwan 320",Closes soon · 2.00 pm · Reopens 5.00 pm,, Dine-in  Takeaway,"You can refill your food except for the meat. This is amazing. Plus, the food tastes OK. Warmly recommend."
266,Zhu Xiang Zi Zhu Can,Yangxiangxiang Whole Lamb Bone Hot Pot Buffet Restaurant,Yangxiangxiang Whole Lamb Bone Hot Pot Buffet Restaurant,24.9644116,121.1912468,food_and_dining,"China, Guangdong Province, Guangzhou, Yuexiu District, 北京路商业区 邮政编码: 510040",,,,,,,
267,Zhuan Shi Yuan,來客,Lai Ke,24.9652433,121.1935428,food_and_dining,Bistro,4.6,46,"No. 28-2號, Lane 331, Wuxing Rd, Wuquan Village, Zhongli District, Taoyuan City, Taiwan 320",Closes soon · 2.00 pm · Reopens 5.00 pm,, Dine-in  Takeaway,"You can refill your food except for the meat. This is amazing. Plus, the food tastes OK. Warmly recommend."
268,Zi Ce Hui,秉文堂( Ping-Wen Hall),Bing Wen Tang ( Ping-Wen Hall),24.9678294,121.1917148,education,General education school,,,"號, No. 300, Zhongda Rd, Wuquan Village, Zhongli District, Taoyuan City, Taiwan 320",Open · Closes 5.00 pm,,,
269,Zi Dian Xue Yuan,秉文堂( Ping-Wen Hall),Bing Wen Tang ( Ping-Wen Hall),24.9674672,121.1916643,education,General education school,,,"號, No. 300, Zhongda Rd, Wuquan Village, Zhongli District, Taoyuan City, Taiwan 320",Open · Closes 5.00 pm,,,
270,Zi Yuan Hui Shou Ji La Ji Chu Li Chang,,Zi Yuan Hui Shou Ji La Ji Chu Li Chang,24.9699991,121.1961998,amenity,,,,,,,,
271,Zong Tu Shu Guan,Zhongshan Library Tangxia Branch,Zhongshan Library Tangxia Branch,24.9682585,121.1942862,education,"China, Guangdong Province, Guangzhou, Tianhe District, 黄埔冲 邮政编码: 510640",,,,,,,
272,iHouseXiang Xiang Kong Jian,隱house社區,Yin houseShe Qu,24.9661272,121.1933112,education,Apartment complex,5.0,50,"No. 87號, Lane 336, Section 3, Zhongzheng E Rd, Wuquan Village, Dayuan District, Taoyuan City, Taiwan 337",,,,"This is a quiet and harmonious small community surrounded by rice paddies, with beautiful scenery."
